-- phpMyAdmin SQL Dump
-- version 5.2.1
-- https://www.phpmyadmin.net/
--
-- Host: 127.0.0.1
-- Generation Time: Apr 26, 2025 at 05:46 PM
-- Server version: 10.4.32-MariaDB
-- PHP Version: 8.2.12

SET SQL_MODE = "NO_AUTO_VALUE_ON_ZERO";
START TRANSACTION;
SET time_zone = "+00:00";


/*!40101 SET @OLD_CHARACTER_SET_CLIENT=@@CHARACTER_SET_CLIENT */;
/*!40101 SET @OLD_CHARACTER_SET_RESULTS=@@CHARACTER_SET_RESULTS */;
/*!40101 SET @OLD_COLLATION_CONNECTION=@@COLLATION_CONNECTION */;
/*!40101 SET NAMES utf8mb4 */;

--
-- Database: `osrs_db`
--

-- --------------------------------------------------------

--
-- Table structure for table `classes`
--

CREATE TABLE `classes` (
  `id` int(30) NOT NULL,
  `level` varchar(200) NOT NULL,
  `section` varchar(200) NOT NULL,
  `date_created` datetime NOT NULL DEFAULT current_timestamp()
) ENGINE=InnoDB DEFAULT CHARSET=utf8mb4 COLLATE=utf8mb4_general_ci;

--
-- Dumping data for table `classes`
--

INSERT INTO `classes` (`id`, `level`, `section`, `date_created`) VALUES
(1, 'First', 'A', '2020-11-21 13:38:56'),
(2, 'First', 'B', '2020-11-21 13:39:21'),
(3, 'Second', 'A', '2020-11-21 13:43:11'),
(4, 'Second', 'B', '2020-11-21 13:46:24'),
(5, 'Third', 'A', '2020-11-21 13:46:33'),
(6, 'Fourth', 'A', '2020-11-21 13:46:46'),
(7, 'Fifth', 'A', '2025-04-24 22:43:49'),
(8, 'Fifth', 'B', '2025-04-24 22:44:08'),
(9, 'Fifth', 'C', '2025-04-24 22:47:01'),
(10, 'Sixth', 'A', '2025-04-24 23:03:41'),
(11, 'Sixth', 'B', '2025-04-24 23:04:36'),
(12, 'Sixth', 'C', '2025-04-24 23:04:46'),
(13, 'First', 'C', '2025-04-26 19:12:55'),
(14, 'Second', 'C', '2025-04-26 19:13:11'),
(15, 'Third', 'B', '2025-04-26 19:17:25'),
(16, 'Third', 'C', '2025-04-26 19:17:36'),
(17, 'Fourth', 'B', '2025-04-26 19:17:57'),
(18, 'Fourth', 'C', '2025-04-26 19:18:17');

-- --------------------------------------------------------

--
-- Table structure for table `results`
--

CREATE TABLE `results` (
  `id` int(30) NOT NULL,
  `student_id` int(30) NOT NULL,
  `marks_percentage` varchar(5) NOT NULL,
  `class_id` int(30) NOT NULL,
  `date_created` datetime NOT NULL DEFAULT current_timestamp()
) ENGINE=InnoDB DEFAULT CHARSET=utf8mb4 COLLATE=utf8mb4_general_ci;

--
-- Dumping data for table `results`
--

INSERT INTO `results` (`id`, `student_id`, `marks_percentage`, `class_id`, `date_created`) VALUES
(5, 71, '98.76', 1, '2025-04-26 21:07:25'),
(6, 72, '81.31', 1, '2025-04-26 21:07:25'),
(7, 73, '90.26', 1, '2025-04-26 21:07:25'),
(8, 74, '67.36', 1, '2025-04-26 21:07:25'),
(9, 75, '86.03', 1, '2025-04-26 21:07:25'),
(10, 76, '88.07', 2, '2025-04-26 21:07:25'),
(11, 77, '82.27', 2, '2025-04-26 21:07:25'),
(12, 78, '87.15', 2, '2025-04-26 21:07:25'),
(13, 79, '88.94', 2, '2025-04-26 21:07:25'),
(14, 80, '83.24', 2, '2025-04-26 21:07:25'),
(15, 81, '89.39', 3, '2025-04-26 21:07:25'),
(16, 82, '97.2', 3, '2025-04-26 21:07:25'),
(17, 83, '77.87', 3, '2025-04-26 21:07:25'),
(18, 84, '77.71', 3, '2025-04-26 21:07:25'),
(19, 85, '94.97', 3, '2025-04-26 21:07:25'),
(20, 86, '61.71', 4, '2025-04-26 21:07:25'),
(21, 87, '83.64', 4, '2025-04-26 21:07:25'),
(22, 88, '93.07', 4, '2025-04-26 21:07:25'),
(23, 89, '74.43', 4, '2025-04-26 21:07:25'),
(24, 90, '72.95', 4, '2025-04-26 21:07:25'),
(25, 91, '81.45', 5, '2025-04-26 21:07:25'),
(26, 92, '88.4', 5, '2025-04-26 21:07:25'),
(27, 93, '97.65', 5, '2025-04-26 21:07:25'),
(28, 94, '83.05', 5, '2025-04-26 21:07:25'),
(29, 95, '62.29', 5, '2025-04-26 21:07:25'),
(30, 96, '82.29', 6, '2025-04-26 21:07:25'),
(31, 97, '84.59', 6, '2025-04-26 21:07:25'),
(32, 98, '76.06', 6, '2025-04-26 21:07:25'),
(33, 99, '66.55', 6, '2025-04-26 21:07:25'),
(34, 100, '84.59', 6, '2025-04-26 21:07:25'),
(35, 101, '83.27', 7, '2025-04-26 21:07:25'),
(36, 102, '62.57', 7, '2025-04-26 21:07:25'),
(37, 103, '83.07', 7, '2025-04-26 21:07:25'),
(38, 104, '87.62', 7, '2025-04-26 21:07:25'),
(39, 105, '88.92', 7, '2025-04-26 21:07:25'),
(40, 106, '81.71', 8, '2025-04-26 21:07:25'),
(41, 107, '81.81', 8, '2025-04-26 21:07:25'),
(42, 108, '63.9', 8, '2025-04-26 21:07:25'),
(43, 109, '94.07', 8, '2025-04-26 21:07:25'),
(44, 110, '98.64', 8, '2025-04-26 21:07:25'),
(45, 111, '71.01', 9, '2025-04-26 21:07:25'),
(46, 112, '79.13', 9, '2025-04-26 21:07:25'),
(47, 113, '82.63', 9, '2025-04-26 21:07:25'),
(48, 114, '75.73', 9, '2025-04-26 21:07:25'),
(49, 115, '70.77', 9, '2025-04-26 21:07:25'),
(50, 116, '66.67', 10, '2025-04-26 21:07:25'),
(51, 117, '61.04', 10, '2025-04-26 21:07:25'),
(52, 118, '85.18', 10, '2025-04-26 21:07:25'),
(53, 119, '62.79', 10, '2025-04-26 21:07:25'),
(54, 120, '78.42', 10, '2025-04-26 21:07:25'),
(55, 121, '63.7', 11, '2025-04-26 21:07:25'),
(56, 122, '63.27', 11, '2025-04-26 21:07:25'),
(57, 123, '65.25', 11, '2025-04-26 21:07:25'),
(58, 124, '76.44', 11, '2025-04-26 21:07:25'),
(59, 125, '86.44', 11, '2025-04-26 21:07:25'),
(60, 126, '62.88', 12, '2025-04-26 21:07:25'),
(61, 127, '75.08', 12, '2025-04-26 21:07:25'),
(62, 128, '86.75', 12, '2025-04-26 21:07:25'),
(63, 129, '68.5', 12, '2025-04-26 21:07:25'),
(64, 130, '62.28', 12, '2025-04-26 21:07:25'),
(65, 131, '85.9', 13, '2025-04-26 21:07:25'),
(66, 132, '62.65', 13, '2025-04-26 21:07:25'),
(67, 133, '75.56', 13, '2025-04-26 21:07:25'),
(68, 134, '89.84', 13, '2025-04-26 21:07:25'),
(69, 135, '82.52', 13, '2025-04-26 21:07:25'),
(70, 136, '83.09', 14, '2025-04-26 21:07:25'),
(71, 137, '67.89', 14, '2025-04-26 21:07:25'),
(72, 138, '70.18', 14, '2025-04-26 21:07:25'),
(73, 139, '87.25', 14, '2025-04-26 21:07:25'),
(74, 140, '85.68', 14, '2025-04-26 21:07:25'),
(75, 141, '66.65', 15, '2025-04-26 21:07:25'),
(76, 142, '96.21', 15, '2025-04-26 21:07:25'),
(77, 143, '61.12', 15, '2025-04-26 21:07:25'),
(78, 144, '76.95', 15, '2025-04-26 21:07:25'),
(79, 145, '61.41', 15, '2025-04-26 21:07:25'),
(80, 146, '96.21', 16, '2025-04-26 21:07:25'),
(81, 147, '76.8', 16, '2025-04-26 21:07:25'),
(82, 148, '75.38', 16, '2025-04-26 21:07:25'),
(83, 149, '86.51', 16, '2025-04-26 21:07:25'),
(84, 150, '66.41', 16, '2025-04-26 21:07:25'),
(85, 151, '92.49', 17, '2025-04-26 21:07:25'),
(86, 152, '83.24', 17, '2025-04-26 21:07:25'),
(87, 153, '78.75', 17, '2025-04-26 21:07:25'),
(88, 154, '83.99', 17, '2025-04-26 21:07:25'),
(89, 155, '83.74', 17, '2025-04-26 21:07:25'),
(90, 156, '66.69', 18, '2025-04-26 21:07:25'),
(91, 157, '62.26', 18, '2025-04-26 21:07:25'),
(92, 158, '91.22', 18, '2025-04-26 21:07:25'),
(93, 159, '89.32', 18, '2025-04-26 21:07:25'),
(94, 160, '72.94', 18, '2025-04-26 21:07:25');

-- --------------------------------------------------------

--
-- Table structure for table `result_items`
--

CREATE TABLE `result_items` (
  `id` int(30) NOT NULL,
  `result_id` int(30) NOT NULL,
  `subject_id` int(30) NOT NULL,
  `mark` float NOT NULL,
  `date_created` datetime NOT NULL DEFAULT current_timestamp()
) ENGINE=InnoDB DEFAULT CHARSET=utf8mb4 COLLATE=utf8mb4_general_ci;

--
-- Dumping data for table `result_items`
--

INSERT INTO `result_items` (`id`, `result_id`, `subject_id`, `mark`, `date_created`) VALUES
(11, 5, 1, 76.75, '2025-04-26 21:07:25'),
(12, 6, 1, 64.91, '2025-04-26 21:07:25'),
(13, 7, 1, 74.29, '2025-04-26 21:07:25'),
(14, 8, 1, 76.74, '2025-04-26 21:07:25'),
(15, 9, 1, 60.82, '2025-04-26 21:07:25'),
(16, 10, 1, 93.86, '2025-04-26 21:07:25'),
(17, 11, 1, 66.87, '2025-04-26 21:07:25'),
(18, 12, 1, 72.75, '2025-04-26 21:07:25'),
(19, 13, 1, 63.15, '2025-04-26 21:07:25'),
(20, 14, 1, 77.5, '2025-04-26 21:07:25'),
(21, 15, 1, 98.04, '2025-04-26 21:07:25'),
(22, 16, 1, 77.71, '2025-04-26 21:07:25'),
(23, 17, 1, 74.43, '2025-04-26 21:07:25'),
(24, 18, 1, 79.01, '2025-04-26 21:07:25'),
(25, 19, 1, 71.76, '2025-04-26 21:07:25'),
(26, 20, 1, 61.75, '2025-04-26 21:07:25'),
(27, 21, 1, 73.5, '2025-04-26 21:07:25'),
(28, 22, 1, 82.25, '2025-04-26 21:07:25'),
(29, 23, 1, 90.73, '2025-04-26 21:07:25'),
(30, 24, 1, 66.91, '2025-04-26 21:07:25'),
(31, 25, 1, 82.37, '2025-04-26 21:07:25'),
(32, 26, 1, 71.11, '2025-04-26 21:07:25'),
(33, 27, 1, 88.46, '2025-04-26 21:07:25'),
(34, 28, 1, 88.96, '2025-04-26 21:07:25'),
(35, 29, 1, 79.44, '2025-04-26 21:07:25'),
(36, 30, 1, 70.29, '2025-04-26 21:07:25'),
(37, 31, 1, 93.14, '2025-04-26 21:07:25'),
(38, 32, 1, 74.81, '2025-04-26 21:07:25'),
(39, 33, 1, 74.67, '2025-04-26 21:07:25'),
(40, 34, 1, 88.88, '2025-04-26 21:07:25'),
(41, 35, 1, 80.41, '2025-04-26 21:07:25'),
(42, 36, 1, 75.41, '2025-04-26 21:07:25'),
(43, 37, 1, 75.8, '2025-04-26 21:07:25'),
(44, 38, 1, 92.79, '2025-04-26 21:07:25'),
(45, 39, 1, 96.57, '2025-04-26 21:07:25'),
(46, 40, 1, 64.44, '2025-04-26 21:07:25'),
(47, 41, 1, 92.53, '2025-04-26 21:07:25'),
(48, 42, 1, 89.3, '2025-04-26 21:07:25'),
(49, 43, 1, 68.92, '2025-04-26 21:07:25'),
(50, 44, 1, 96.7, '2025-04-26 21:07:25'),
(51, 45, 1, 96.72, '2025-04-26 21:07:25'),
(52, 46, 1, 93.51, '2025-04-26 21:07:25'),
(53, 47, 1, 77.39, '2025-04-26 21:07:25'),
(54, 48, 1, 86.42, '2025-04-26 21:07:25'),
(55, 49, 1, 99.93, '2025-04-26 21:07:25'),
(56, 50, 1, 60.4, '2025-04-26 21:07:25'),
(57, 51, 1, 62.21, '2025-04-26 21:07:25'),
(58, 52, 1, 69.86, '2025-04-26 21:07:25'),
(59, 53, 1, 62.66, '2025-04-26 21:07:25'),
(60, 54, 1, 83.73, '2025-04-26 21:07:25'),
(61, 55, 1, 90.65, '2025-04-26 21:07:25'),
(62, 56, 1, 62.05, '2025-04-26 21:07:25'),
(63, 57, 1, 98.32, '2025-04-26 21:07:25'),
(64, 58, 1, 85.43, '2025-04-26 21:07:25'),
(65, 59, 1, 72.19, '2025-04-26 21:07:25'),
(66, 60, 1, 84.68, '2025-04-26 21:07:25'),
(67, 61, 1, 66.82, '2025-04-26 21:07:25'),
(68, 62, 1, 60.08, '2025-04-26 21:07:25'),
(69, 63, 1, 79.91, '2025-04-26 21:07:25'),
(70, 64, 1, 79.33, '2025-04-26 21:07:25'),
(71, 65, 1, 96.9, '2025-04-26 21:07:25'),
(72, 66, 1, 66.52, '2025-04-26 21:07:25'),
(73, 67, 1, 61.89, '2025-04-26 21:07:25'),
(74, 68, 1, 89.9, '2025-04-26 21:07:25'),
(75, 69, 1, 83.85, '2025-04-26 21:07:25'),
(76, 70, 1, 89.52, '2025-04-26 21:07:25'),
(77, 71, 1, 96.08, '2025-04-26 21:07:25'),
(78, 72, 1, 71.83, '2025-04-26 21:07:25'),
(79, 73, 1, 90.9, '2025-04-26 21:07:25'),
(80, 74, 1, 99, '2025-04-26 21:07:25'),
(81, 75, 1, 82.33, '2025-04-26 21:07:25'),
(82, 76, 1, 94.62, '2025-04-26 21:07:25'),
(83, 77, 1, 86.13, '2025-04-26 21:07:25'),
(84, 78, 1, 86.78, '2025-04-26 21:07:25'),
(85, 79, 1, 75.5, '2025-04-26 21:07:25'),
(86, 80, 1, 97.18, '2025-04-26 21:07:25'),
(87, 81, 1, 79.39, '2025-04-26 21:07:25'),
(88, 82, 1, 85.43, '2025-04-26 21:07:25'),
(89, 83, 1, 88.97, '2025-04-26 21:07:25'),
(90, 84, 1, 88.55, '2025-04-26 21:07:25'),
(91, 85, 1, 75.83, '2025-04-26 21:07:25'),
(92, 86, 1, 93.5, '2025-04-26 21:07:25'),
(93, 87, 1, 60.02, '2025-04-26 21:07:25'),
(94, 88, 1, 79.59, '2025-04-26 21:07:25'),
(95, 89, 1, 77.88, '2025-04-26 21:07:25'),
(96, 90, 1, 90.65, '2025-04-26 21:07:25'),
(97, 91, 1, 79.61, '2025-04-26 21:07:25'),
(98, 92, 1, 66.11, '2025-04-26 21:07:25'),
(99, 93, 1, 71.71, '2025-04-26 21:07:25'),
(100, 94, 1, 60.22, '2025-04-26 21:07:25'),
(101, 5, 2, 65.96, '2025-04-26 21:07:25'),
(102, 6, 2, 89.15, '2025-04-26 21:07:25'),
(103, 7, 2, 67.87, '2025-04-26 21:07:25'),
(104, 8, 2, 91.88, '2025-04-26 21:07:25'),
(105, 9, 2, 75.8, '2025-04-26 21:07:25'),
(106, 10, 2, 83.34, '2025-04-26 21:07:25'),
(107, 11, 2, 89.33, '2025-04-26 21:07:25'),
(108, 12, 2, 96.6, '2025-04-26 21:07:25'),
(109, 13, 2, 75.03, '2025-04-26 21:07:25'),
(110, 14, 2, 65.35, '2025-04-26 21:07:25'),
(111, 15, 2, 81.64, '2025-04-26 21:07:25'),
(112, 16, 2, 72.17, '2025-04-26 21:07:25'),
(113, 17, 2, 95.94, '2025-04-26 21:07:25'),
(114, 18, 2, 83.18, '2025-04-26 21:07:25'),
(115, 19, 2, 68.1, '2025-04-26 21:07:25'),
(116, 20, 2, 70.93, '2025-04-26 21:07:25'),
(117, 21, 2, 90.37, '2025-04-26 21:07:25'),
(118, 22, 2, 99.04, '2025-04-26 21:07:25'),
(119, 23, 2, 84.11, '2025-04-26 21:07:25'),
(120, 24, 2, 63.42, '2025-04-26 21:07:25'),
(121, 25, 2, 84.76, '2025-04-26 21:07:25'),
(122, 26, 2, 93.56, '2025-04-26 21:07:25'),
(123, 27, 2, 73.53, '2025-04-26 21:07:25'),
(124, 28, 2, 66.95, '2025-04-26 21:07:25'),
(125, 29, 2, 94.16, '2025-04-26 21:07:25'),
(126, 30, 2, 89.97, '2025-04-26 21:07:25'),
(127, 31, 2, 67.37, '2025-04-26 21:07:25'),
(128, 32, 2, 86.94, '2025-04-26 21:07:25'),
(129, 33, 2, 92.59, '2025-04-26 21:07:25'),
(130, 34, 2, 62.12, '2025-04-26 21:07:25'),
(131, 35, 2, 92.85, '2025-04-26 21:07:25'),
(132, 36, 2, 97.86, '2025-04-26 21:07:25'),
(133, 37, 2, 70.77, '2025-04-26 21:07:25'),
(134, 38, 2, 80.28, '2025-04-26 21:07:25'),
(135, 39, 2, 89.07, '2025-04-26 21:07:25'),
(136, 40, 2, 64.52, '2025-04-26 21:07:25'),
(137, 41, 2, 75.39, '2025-04-26 21:07:25'),
(138, 42, 2, 83.38, '2025-04-26 21:07:25'),
(139, 43, 2, 90.73, '2025-04-26 21:07:25'),
(140, 44, 2, 63.52, '2025-04-26 21:07:25'),
(141, 45, 2, 65.41, '2025-04-26 21:07:25'),
(142, 46, 2, 76.47, '2025-04-26 21:07:25'),
(143, 47, 2, 86.14, '2025-04-26 21:07:25'),
(144, 48, 2, 61.28, '2025-04-26 21:07:25'),
(145, 49, 2, 67.98, '2025-04-26 21:07:25'),
(146, 50, 2, 96.08, '2025-04-26 21:07:25'),
(147, 51, 2, 96.45, '2025-04-26 21:07:25'),
(148, 52, 2, 94.01, '2025-04-26 21:07:25'),
(149, 53, 2, 80.71, '2025-04-26 21:07:25'),
(150, 54, 2, 61.51, '2025-04-26 21:07:25'),
(151, 55, 2, 85.42, '2025-04-26 21:07:25'),
(152, 56, 2, 62.57, '2025-04-26 21:07:25'),
(153, 57, 2, 76.59, '2025-04-26 21:07:25'),
(154, 58, 2, 95.25, '2025-04-26 21:07:25'),
(155, 59, 2, 66.49, '2025-04-26 21:07:25'),
(156, 60, 2, 66.67, '2025-04-26 21:07:25'),
(157, 61, 2, 73.88, '2025-04-26 21:07:25'),
(158, 62, 2, 69.41, '2025-04-26 21:07:25'),
(159, 63, 2, 65.41, '2025-04-26 21:07:25'),
(160, 64, 2, 98.83, '2025-04-26 21:07:25'),
(161, 65, 2, 77.89, '2025-04-26 21:07:25'),
(162, 66, 2, 72.99, '2025-04-26 21:07:25'),
(163, 67, 2, 71.25, '2025-04-26 21:07:25'),
(164, 68, 2, 77.29, '2025-04-26 21:07:25'),
(165, 69, 2, 72.7, '2025-04-26 21:07:25'),
(166, 70, 2, 71.64, '2025-04-26 21:07:25'),
(167, 71, 2, 80.1, '2025-04-26 21:07:25'),
(168, 72, 2, 85.57, '2025-04-26 21:07:25'),
(169, 73, 2, 87.57, '2025-04-26 21:07:25'),
(170, 74, 2, 81.12, '2025-04-26 21:07:25'),
(171, 75, 2, 82.91, '2025-04-26 21:07:25'),
(172, 76, 2, 71.2, '2025-04-26 21:07:25'),
(173, 77, 2, 87.25, '2025-04-26 21:07:25'),
(174, 78, 2, 82.66, '2025-04-26 21:07:25'),
(175, 79, 2, 91.55, '2025-04-26 21:07:25'),
(176, 80, 2, 69.75, '2025-04-26 21:07:25'),
(177, 81, 2, 94.11, '2025-04-26 21:07:25'),
(178, 82, 2, 81.3, '2025-04-26 21:07:25'),
(179, 83, 2, 64.15, '2025-04-26 21:07:25'),
(180, 84, 2, 96.88, '2025-04-26 21:07:25'),
(181, 85, 2, 71.93, '2025-04-26 21:07:25'),
(182, 86, 2, 89.03, '2025-04-26 21:07:25'),
(183, 87, 2, 89.35, '2025-04-26 21:07:25'),
(184, 88, 2, 79.67, '2025-04-26 21:07:25'),
(185, 89, 2, 70.27, '2025-04-26 21:07:25'),
(186, 90, 2, 92.36, '2025-04-26 21:07:25'),
(187, 91, 2, 71.01, '2025-04-26 21:07:25'),
(188, 92, 2, 97.93, '2025-04-26 21:07:25'),
(189, 93, 2, 96.65, '2025-04-26 21:07:25'),
(190, 94, 2, 89.46, '2025-04-26 21:07:25'),
(191, 5, 3, 97.36, '2025-04-26 21:07:25'),
(192, 6, 3, 78.39, '2025-04-26 21:07:25'),
(193, 7, 3, 79.89, '2025-04-26 21:07:25'),
(194, 8, 3, 64.28, '2025-04-26 21:07:25'),
(195, 9, 3, 61.72, '2025-04-26 21:07:25'),
(196, 10, 3, 95.76, '2025-04-26 21:07:25'),
(197, 11, 3, 73.65, '2025-04-26 21:07:25'),
(198, 12, 3, 60.96, '2025-04-26 21:07:25'),
(199, 13, 3, 63.84, '2025-04-26 21:07:25'),
(200, 14, 3, 76.31, '2025-04-26 21:07:25'),
(201, 15, 3, 90.04, '2025-04-26 21:07:25'),
(202, 16, 3, 81.29, '2025-04-26 21:07:25'),
(203, 17, 3, 76.3, '2025-04-26 21:07:25'),
(204, 18, 3, 77.64, '2025-04-26 21:07:25'),
(205, 19, 3, 99.31, '2025-04-26 21:07:25'),
(206, 20, 3, 83.62, '2025-04-26 21:07:25'),
(207, 21, 3, 60.18, '2025-04-26 21:07:25'),
(208, 22, 3, 70.04, '2025-04-26 21:07:25'),
(209, 23, 3, 69.65, '2025-04-26 21:07:25'),
(210, 24, 3, 78.13, '2025-04-26 21:07:25'),
(211, 25, 3, 81.72, '2025-04-26 21:07:25'),
(212, 26, 3, 74.2, '2025-04-26 21:07:25'),
(213, 27, 3, 65.83, '2025-04-26 21:07:25'),
(214, 28, 3, 86.56, '2025-04-26 21:07:25'),
(215, 29, 3, 95.31, '2025-04-26 21:07:25'),
(216, 30, 3, 76.85, '2025-04-26 21:07:25'),
(217, 31, 3, 78.33, '2025-04-26 21:07:25'),
(218, 32, 3, 61.08, '2025-04-26 21:07:25'),
(219, 33, 3, 90.43, '2025-04-26 21:07:25'),
(220, 34, 3, 88.9, '2025-04-26 21:07:25'),
(221, 35, 3, 73.21, '2025-04-26 21:07:25'),
(222, 36, 3, 79.37, '2025-04-26 21:07:25'),
(223, 37, 3, 77.23, '2025-04-26 21:07:25'),
(224, 38, 3, 88.02, '2025-04-26 21:07:25'),
(225, 39, 3, 68.4, '2025-04-26 21:07:25'),
(226, 40, 3, 97.96, '2025-04-26 21:07:25'),
(227, 41, 3, 64.59, '2025-04-26 21:07:25'),
(228, 42, 3, 89.05, '2025-04-26 21:07:25'),
(229, 43, 3, 71.51, '2025-04-26 21:07:25'),
(230, 44, 3, 70.39, '2025-04-26 21:07:25'),
(231, 45, 3, 77.41, '2025-04-26 21:07:25'),
(232, 46, 3, 75.88, '2025-04-26 21:07:25'),
(233, 47, 3, 87.18, '2025-04-26 21:07:25'),
(234, 48, 3, 68.25, '2025-04-26 21:07:25'),
(235, 49, 3, 99.74, '2025-04-26 21:07:25'),
(236, 50, 3, 73.91, '2025-04-26 21:07:25'),
(237, 51, 3, 90.35, '2025-04-26 21:07:25'),
(238, 52, 3, 90.02, '2025-04-26 21:07:25'),
(239, 53, 3, 79.04, '2025-04-26 21:07:25'),
(240, 54, 3, 65.16, '2025-04-26 21:07:25'),
(241, 55, 3, 68.69, '2025-04-26 21:07:25'),
(242, 56, 3, 87.95, '2025-04-26 21:07:25'),
(243, 57, 3, 93.69, '2025-04-26 21:07:25'),
(244, 58, 3, 64.61, '2025-04-26 21:07:25'),
(245, 59, 3, 61.96, '2025-04-26 21:07:25'),
(246, 60, 3, 95.96, '2025-04-26 21:07:25'),
(247, 61, 3, 73.95, '2025-04-26 21:07:25'),
(248, 62, 3, 61.86, '2025-04-26 21:07:25'),
(249, 63, 3, 67.43, '2025-04-26 21:07:25'),
(250, 64, 3, 91.57, '2025-04-26 21:07:25'),
(251, 65, 3, 75.57, '2025-04-26 21:07:25'),
(252, 66, 3, 83.16, '2025-04-26 21:07:25'),
(253, 67, 3, 89.06, '2025-04-26 21:07:25'),
(254, 68, 3, 95.85, '2025-04-26 21:07:25'),
(255, 69, 3, 72.04, '2025-04-26 21:07:25'),
(256, 70, 3, 92.68, '2025-04-26 21:07:25'),
(257, 71, 3, 67.25, '2025-04-26 21:07:25'),
(258, 72, 3, 78.22, '2025-04-26 21:07:25'),
(259, 73, 3, 89.34, '2025-04-26 21:07:25'),
(260, 74, 3, 72.05, '2025-04-26 21:07:25'),
(261, 75, 3, 72.21, '2025-04-26 21:07:25'),
(262, 76, 3, 84.91, '2025-04-26 21:07:25'),
(263, 77, 3, 67.91, '2025-04-26 21:07:25'),
(264, 78, 3, 64.83, '2025-04-26 21:07:25'),
(265, 79, 3, 60.41, '2025-04-26 21:07:25'),
(266, 80, 3, 87.56, '2025-04-26 21:07:25'),
(267, 81, 3, 76.56, '2025-04-26 21:07:25'),
(268, 82, 3, 60.13, '2025-04-26 21:07:25'),
(269, 83, 3, 90.98, '2025-04-26 21:07:25'),
(270, 84, 3, 94.52, '2025-04-26 21:07:25'),
(271, 85, 3, 99.63, '2025-04-26 21:07:25'),
(272, 86, 3, 74.62, '2025-04-26 21:07:25'),
(273, 87, 3, 94.2, '2025-04-26 21:07:25'),
(274, 88, 3, 67.15, '2025-04-26 21:07:25'),
(275, 89, 3, 73.16, '2025-04-26 21:07:25'),
(276, 90, 3, 64.32, '2025-04-26 21:07:25'),
(277, 91, 3, 82.12, '2025-04-26 21:07:25'),
(278, 92, 3, 77.65, '2025-04-26 21:07:25'),
(279, 93, 3, 81.9, '2025-04-26 21:07:25'),
(280, 94, 3, 76.54, '2025-04-26 21:07:25');

-- --------------------------------------------------------

--
-- Table structure for table `students`
--

CREATE TABLE `students` (
  `id` int(30) NOT NULL,
  `student_code` varchar(50) NOT NULL,
  `firstname` varchar(200) NOT NULL,
  `middlename` varchar(200) NOT NULL,
  `lastname` varchar(200) NOT NULL,
  `gender` varchar(50) NOT NULL,
  `address` text NOT NULL,
  `class_id` int(30) NOT NULL,
  `date_created` datetime NOT NULL DEFAULT current_timestamp()
) ENGINE=InnoDB DEFAULT CHARSET=utf8mb4 COLLATE=utf8mb4_general_ci;

--
-- Dumping data for table `students`
--

INSERT INTO `students` (`id`, `student_code`, `firstname`, `middlename`, `lastname`, `gender`, `address`, `class_id`, `date_created`) VALUES
(71, 'AP1001', 'Alice', 'M', 'Smith', 'Female', '123 Main St', 1, '2025-04-26 21:04:57'),
(72, 'AP1002', 'Bob', 'K', 'Johnson', 'Male', '456 Oak Ave', 1, '2025-04-26 21:04:57'),
(73, 'AP1003', 'Charlie', 'L', 'Williams', 'Male', '789 Pine Ln', 1, '2025-04-26 21:04:57'),
(74, 'AP1004', 'Diana', 'P', 'Brown', 'Female', '101 Elm Rd', 1, '2025-04-26 21:04:57'),
(75, 'AP1005', 'Ethan', 'Q', 'Davis', 'Male', '222 Maple Dr', 1, '2025-04-26 21:04:57'),
(76, 'AP1006', 'Fiona', 'R', 'Wilson', 'Female', '333 Cherry St', 2, '2025-04-26 21:04:57'),
(77, 'AP1007', 'George', 'S', 'Garcia', 'Male', '444 Willow Ave', 2, '2025-04-26 21:04:57'),
(78, 'AP1008', 'Hannah', 'T', 'Rodriguez', 'Female', '555 Birch Ln', 2, '2025-04-26 21:04:57'),
(79, 'AP1009', 'Ivan', 'U', 'Martinez', 'Male', '666 Cedar Rd', 2, '2025-04-26 21:04:57'),
(80, 'AP1010', 'Julia', 'V', 'Anderson', 'Female', '777 Spruce Dr', 2, '2025-04-26 21:04:57'),
(81, 'AP1011', 'Kevin', 'W', 'Taylor', 'Male', '888 Oak St', 3, '2025-04-26 21:04:57'),
(82, 'AP1012', 'Linda', 'X', 'Thomas', 'Female', '999 Pine Ave', 3, '2025-04-26 21:04:57'),
(83, 'AP1013', 'Michael', 'Y', 'Jackson', 'Male', '111 Elm Ln', 3, '2025-04-26 21:04:57'),
(84, 'AP1014', 'Nancy', 'Z', 'White', 'Female', '222 Maple Rd', 3, '2025-04-26 21:04:57'),
(85, 'AP1015', 'Oliver', 'A', 'Harris', 'Male', '333 Cherry Dr', 3, '2025-04-26 21:04:57'),
(86, 'AP1016', 'Paula', 'B', 'Martin', 'Female', '444 Willow St', 4, '2025-04-26 21:04:57'),
(87, 'AP1017', 'Quinn', 'C', 'Thompson', 'Male', '555 Birch Ave', 4, '2025-04-26 21:04:57'),
(88, 'AP1018', 'Rachel', 'D', 'Perez', 'Female', '666 Cedar Ln', 4, '2025-04-26 21:04:57'),
(89, 'AP1019', 'Samuel', 'E', 'Hall', 'Male', '777 Spruce Rd', 4, '2025-04-26 21:04:57'),
(90, 'AP1020', 'Tina', 'F', 'Young', 'Female', '888 Oak Dr', 4, '2025-04-26 21:04:57'),
(91, 'AP1021', 'Uma', 'G', 'Allen', 'Female', '999 Pine St', 5, '2025-04-26 21:04:57'),
(92, 'AP1022', 'Victor', 'H', 'Wright', 'Male', '111 Elm Ave', 5, '2025-04-26 21:04:57'),
(93, 'AP1023', 'Wendy', 'I', 'King', 'Female', '222 Maple Ln', 5, '2025-04-26 21:04:57'),
(94, 'AP1024', 'Xavier', 'J', 'Scott', 'Male', '333 Cherry Rd', 5, '2025-04-26 21:04:57'),
(95, 'AP1025', 'Yara', 'K', 'Green', 'Female', '444 Willow Dr', 5, '2025-04-26 21:04:57'),
(96, 'AP1026', 'Zachary', 'L', 'Baker', 'Male', '555 Birch St', 6, '2025-04-26 21:04:57'),
(97, 'AP1027', 'Amy', 'M', 'Adams', 'Female', '666 Cedar Ave', 6, '2025-04-26 21:04:57'),
(98, 'AP1028', 'Ben', 'N', 'Nelson', 'Male', '777 Spruce Ln', 6, '2025-04-26 21:04:57'),
(99, 'AP1029', 'Cathy', 'O', 'Carter', 'Female', '888 Oak Rd', 6, '2025-04-26 21:04:57'),
(100, 'AP1030', 'David', 'P', 'Roberts', 'Male', '999 Pine Dr', 6, '2025-04-26 21:04:57'),
(101, 'AP1031', 'Emily', 'Q', 'Phillips', 'Female', '123 Main St', 7, '2025-04-26 21:04:57'),
(102, 'AP1032', 'Frank', 'R', 'Campbell', 'Male', '456 Oak Ave', 7, '2025-04-26 21:04:57'),
(103, 'AP1033', 'Grace', 'S', 'Parker', 'Female', '789 Pine Ln', 7, '2025-04-26 21:04:57'),
(104, 'AP1034', 'Harry', 'T', 'Evans', 'Male', '101 Elm Rd', 7, '2025-04-26 21:04:57'),
(105, 'AP1035', 'Ivy', 'U', 'Edwards', 'Female', '222 Maple Dr', 7, '2025-04-26 21:04:57'),
(106, 'AP1036', 'Jack', 'V', 'Collins', 'Male', '333 Cherry St', 8, '2025-04-26 21:04:57'),
(107, 'AP1037', 'Kelly', 'W', 'Stewart', 'Female', '444 Willow Ave', 8, '2025-04-26 21:04:57'),
(108, 'AP1038', 'Liam', 'X', 'Sanchez', 'Male', '555 Birch Ln', 8, '2025-04-26 21:04:57'),
(109, 'AP1039', 'Mia', 'Y', 'Morris', 'Female', '666 Cedar Rd', 8, '2025-04-26 21:04:57'),
(110, 'AP1040', 'Noah', 'Z', 'Rogers', 'Male', '777 Spruce Dr', 8, '2025-04-26 21:04:57'),
(111, 'AP1041', 'Olivia', 'A', 'Reed', 'Female', '888 Oak St', 9, '2025-04-26 21:04:57'),
(112, 'AP1042', 'Peter', 'B', 'Cook', 'Male', '999 Pine Ave', 9, '2025-04-26 21:04:57'),
(113, 'AP1043', 'Quinn', 'C', 'Bell', 'Male', '111 Elm Ln', 9, '2025-04-26 21:04:57'),
(114, 'AP1044', 'Riley', 'D', 'Bailey', 'Female', '222 Maple Rd', 9, '2025-04-26 21:04:57'),
(115, 'AP1045', 'Sophia', 'E', 'Cooper', 'Female', '333 Cherry Dr', 9, '2025-04-26 21:04:57'),
(116, 'AP1046', 'Thomas', 'F', 'Richardson', 'Male', '444 Willow St', 10, '2025-04-26 21:04:57'),
(117, 'AP1047', 'Ursula', 'G', 'Gray', 'Female', '555 Birch Ave', 10, '2025-04-26 21:04:57'),
(118, 'AP1048', 'Vincent', 'H', 'Ramirez', 'Male', '666 Cedar Ln', 10, '2025-04-26 21:04:57'),
(119, 'AP1049', 'Willow', 'I', 'James', 'Female', '777 Spruce Rd', 10, '2025-04-26 21:04:57'),
(120, 'AP1050', 'Xander', 'J', 'Bennett', 'Male', '888 Oak Dr', 10, '2025-04-26 21:04:57'),
(121, 'AP1051', 'Yasmine', 'K', 'Wood', 'Female', '999 Pine St', 11, '2025-04-26 21:04:57'),
(122, 'AP1052', 'Adam', 'L', 'Barnes', 'Male', '111 Elm Ave', 11, '2025-04-26 21:04:57'),
(123, 'AP1053', 'Bella', 'M', 'Ross', 'Female', '222 Maple Ln', 11, '2025-04-26 21:04:57'),
(124, 'AP1054', 'Caleb', 'N', 'Henderson', 'Male', '333 Cherry Rd', 11, '2025-04-26 21:04:57'),
(125, 'AP1055', 'Daisy', 'O', 'Coleman', 'Female', '444 Willow Dr', 11, '2025-04-26 21:04:57'),
(126, 'AP1056', 'Ethan', 'P', 'Jenkins', 'Male', '555 Birch St', 12, '2025-04-26 21:04:57'),
(127, 'AP1057', 'Fiona', 'Q', 'Perry', 'Female', '666 Cedar Ave', 12, '2025-04-26 21:04:57'),
(128, 'AP1058', 'George', 'R', 'Powell', 'Male', '777 Spruce Ln', 12, '2025-04-26 21:04:57'),
(129, 'AP1059', 'Hazel', 'S', 'Long', 'Female', '888 Oak Rd', 12, '2025-04-26 21:04:57'),
(130, 'AP1060', 'Isaac', 'T', 'Patterson', 'Male', '999 Pine Dr', 12, '2025-04-26 21:04:57'),
(131, 'AP1061', 'Jack', 'U', 'Hughes', 'Male', '333 Cherry St', 13, '2025-04-26 21:04:57'),
(132, 'AP1062', 'Kelly', 'V', 'Sanders', 'Female', '444 Willow Ave', 13, '2025-04-26 21:04:57'),
(133, 'AP1063', 'Liam', 'W', 'Morgan', 'Male', '555 Birch Ln', 13, '2025-04-26 21:04:57'),
(134, 'AP1064', 'Mia', 'X', 'Hayes', 'Female', '666 Cedar Rd', 13, '2025-04-26 21:04:57'),
(135, 'AP1065', 'Noah', 'Y', 'Reynolds', 'Male', '777 Spruce Dr', 13, '2025-04-26 21:04:57'),
(136, 'AP1066', 'Olivia', 'Z', 'Bell', 'Female', '888 Oak St', 14, '2025-04-26 21:04:57'),
(137, 'AP1067', 'Peter', 'A', 'Griffin', 'Male', '999 Pine Ave', 14, '2025-04-26 21:04:57'),
(138, 'AP1068', 'Quinn', 'B', 'Page', 'Male', '111 Elm Ln', 14, '2025-04-26 21:04:57'),
(139, 'AP1069', 'Riley', 'C', 'Robertson', 'Female', '222 Maple Rd', 14, '2025-04-26 21:04:57'),
(140, 'AP1070', 'Sophia', 'D', 'Simmons', 'Female', '333 Cherry Dr', 14, '2025-04-26 21:04:57'),
(141, 'AP1071', 'Thomas', 'E', 'Jacobs', 'Male', '444 Willow St', 15, '2025-04-26 21:04:57'),
(142, 'AP1072', 'Ursula', 'F', 'Pierce', 'Female', '555 Birch Ave', 15, '2025-04-26 21:04:57'),
(143, 'AP1073', 'Vincent', 'G', 'Wood', 'Male', '666 Cedar Ln', 15, '2025-04-26 21:04:57'),
(144, 'AP1074', 'Willow', 'H', 'Lane', 'Female', '777 Spruce Rd', 15, '2025-04-26 21:04:57'),
(145, 'AP1075', 'Xander', 'I', 'Fisher', 'Male', '888 Oak Dr', 15, '2025-04-26 21:04:57'),
(146, 'AP1076', 'Yasmine', 'J', 'Clark', 'Female', '999 Pine St', 16, '2025-04-26 21:04:57'),
(147, 'AP1077', 'Adam', 'K', 'Wright', 'Male', '111 Elm Ave', 16, '2025-04-26 21:04:57'),
(148, 'AP1078', 'Bella', 'L', 'Lopez', 'Female', '222 Maple Ln', 16, '2025-04-26 21:04:57'),
(149, 'AP1079', 'Caleb', 'M', 'Mitchell', 'Male', '333 Cherry Rd', 16, '2025-04-26 21:04:57'),
(150, 'AP1080', 'Daisy', 'N', 'Davis', 'Female', '444 Willow Dr', 16, '2025-04-26 21:04:57'),
(151, 'AP1081', 'Ethan', 'O', 'Moore', 'Male', '555 Birch St', 17, '2025-04-26 21:04:57'),
(152, 'AP1082', 'Fiona', 'P', 'Green', 'Female', '666 Cedar Ave', 17, '2025-04-26 21:04:57'),
(153, 'AP1083', 'George', 'Q', 'Hall', 'Male', '777 Spruce Ln', 17, '2025-04-26 21:04:57'),
(154, 'AP1084', 'Hazel', 'R', 'Lewis', 'Female', '888 Oak Rd', 17, '2025-04-26 21:04:57'),
(155, 'AP1085', 'Isaac', 'S', 'Lee', 'Male', '999 Pine Dr', 17, '2025-04-26 21:04:57'),
(156, 'AP1086', 'Jack', 'T', 'Allen', 'Male', '333 Cherry St', 18, '2025-04-26 21:04:57'),
(157, 'AP1087', 'Kelly', 'U', 'King', 'Female', '444 Willow Ave', 18, '2025-04-26 21:04:57'),
(158, 'AP1088', 'Liam', 'V', 'Scott', 'Male', '555 Birch Ln', 18, '2025-04-26 21:04:57'),
(159, 'AP1089', 'Mia', 'W', 'Baker', 'Female', '666 Cedar Rd', 18, '2025-04-26 21:04:57'),
(160, 'AP1090', 'Noah', 'X', 'Nelson', 'Male', '777 Spruce Dr', 18, '2025-04-26 21:04:57');

-- --------------------------------------------------------

--
-- Table structure for table `student_scores`
--

CREATE TABLE `student_scores` (
  `id` int(11) NOT NULL,
  `student_id` int(11) NOT NULL,
  `class_id` int(11) NOT NULL,
  `subject_id` int(11) NOT NULL,
  `mark` decimal(5,2) NOT NULL,
  `grade` varchar(2) NOT NULL,
  `date_created` datetime NOT NULL DEFAULT current_timestamp()
) ENGINE=InnoDB DEFAULT CHARSET=utf8mb4 COLLATE=utf8mb4_general_ci;

-- --------------------------------------------------------

--
-- Table structure for table `subjects`
--

CREATE TABLE `subjects` (
  `id` int(30) NOT NULL,
  `subject_code` varchar(50) NOT NULL,
  `subject` varchar(200) NOT NULL,
  `description` text NOT NULL,
  `date_created` datetime NOT NULL DEFAULT current_timestamp(),
  `max_mark` int(11) DEFAULT 100
) ENGINE=InnoDB DEFAULT CHARSET=utf8mb4 COLLATE=utf8mb4_general_ci;

--
-- Dumping data for table `subjects`
--

INSERT INTO `subjects` (`id`, `subject_code`, `subject`, `description`, `date_created`, `max_mark`) VALUES
(7, 'FL101', 'Telugu', 'Telugu(First Language)', '2025-04-26 19:35:22', 100),
(8, 'SL102', 'Hindi', 'Hindi(Second Language)', '2025-04-26 19:35:52', 100),
(9, 'TL103', 'English', 'English(Third Language)', '2025-04-26 19:36:29', 100),
(10, 'Mat104', 'Maths', 'Mathematics', '2025-04-26 19:37:10', 100),
(11, 'Sci105', 'Science', 'Natural Science\r\nphysical Science', '2025-04-26 19:38:52', 100),
(12, 'Soc106', 'Social', 'Social Studies', '2025-04-26 19:39:18', 100);

-- --------------------------------------------------------

--
-- Table structure for table `system_settings`
--

CREATE TABLE `system_settings` (
  `id` int(30) NOT NULL,
  `name` text NOT NULL,
  `email` varchar(200) NOT NULL,
  `contact` varchar(20) NOT NULL,
  `address` text NOT NULL,
  `cover_img` text NOT NULL
) ENGINE=InnoDB DEFAULT CHARSET=utf8mb4 COLLATE=utf8mb4_general_ci;

--
-- Dumping data for table `system_settings`
--

INSERT INTO `system_settings` (`id`, `name`, `email`, `contact`, `address`, `cover_img`) VALUES
(1, 'Online Student Result System', 'info@sample.comm', '+6948 8542 623', '2102  Caldwell Road, Rochester, New York, 14608', '1605927480_download.jpg');

-- --------------------------------------------------------

--
-- Table structure for table `users`
--

CREATE TABLE `users` (
  `id` int(30) NOT NULL,
  `firstname` varchar(200) NOT NULL,
  `lastname` varchar(200) NOT NULL,
  `username` varchar(200) NOT NULL,
  `password` text NOT NULL,
  `type` int(1) NOT NULL DEFAULT 1,
  `date_created` datetime NOT NULL DEFAULT current_timestamp()
) ENGINE=InnoDB DEFAULT CHARSET=utf8mb4 COLLATE=utf8mb4_general_ci;

--
-- Dumping data for table `users`
--

INSERT INTO `users` (`id`, `firstname`, `lastname`, `username`, `password`, `type`, `date_created`) VALUES
(1, 'Administrator', '', 'admin', '0192023a7bbd73250516f069df18b500', 1, '2020-11-20 13:25:41');

--
-- Indexes for dumped tables
--

--
-- Indexes for table `classes`
--
ALTER TABLE `classes`
  ADD PRIMARY KEY (`id`);

--
-- Indexes for table `results`
--
ALTER TABLE `results`
  ADD PRIMARY KEY (`id`);

--
-- Indexes for table `result_items`
--
ALTER TABLE `result_items`
  ADD PRIMARY KEY (`id`);

--
-- Indexes for table `students`
--
ALTER TABLE `students`
  ADD PRIMARY KEY (`id`);

--
-- Indexes for table `student_scores`
--
ALTER TABLE `student_scores`
  ADD PRIMARY KEY (`id`),
  ADD KEY `student_id` (`student_id`),
  ADD KEY `class_id` (`class_id`),
  ADD KEY `subject_id` (`subject_id`);

--
-- Indexes for table `subjects`
--
ALTER TABLE `subjects`
  ADD PRIMARY KEY (`id`);

--
-- Indexes for table `system_settings`
--
ALTER TABLE `system_settings`
  ADD PRIMARY KEY (`id`);

--
-- Indexes for table `users`
--
ALTER TABLE `users`
  ADD PRIMARY KEY (`id`);

--
-- AUTO_INCREMENT for dumped tables
--

--
-- AUTO_INCREMENT for table `classes`
--
ALTER TABLE `classes`
  MODIFY `id` int(30) NOT NULL AUTO_INCREMENT, AUTO_INCREMENT=19;

--
-- AUTO_INCREMENT for table `results`
--
ALTER TABLE `results`
  MODIFY `id` int(30) NOT NULL AUTO_INCREMENT, AUTO_INCREMENT=132;

--
-- AUTO_INCREMENT for table `result_items`
--
ALTER TABLE `result_items`
  MODIFY `id` int(30) NOT NULL AUTO_INCREMENT, AUTO_INCREMENT=522;

--
-- AUTO_INCREMENT for table `students`
--
ALTER TABLE `students`
  MODIFY `id` int(30) NOT NULL AUTO_INCREMENT, AUTO_INCREMENT=161;

--
-- AUTO_INCREMENT for table `student_scores`
--
ALTER TABLE `student_scores`
  MODIFY `id` int(11) NOT NULL AUTO_INCREMENT, AUTO_INCREMENT=14;

--
-- AUTO_INCREMENT for table `subjects`
--
ALTER TABLE `subjects`
  MODIFY `id` int(30) NOT NULL AUTO_INCREMENT, AUTO_INCREMENT=13;

--
-- AUTO_INCREMENT for table `system_settings`
--
ALTER TABLE `system_settings`
  MODIFY `id` int(30) NOT NULL AUTO_INCREMENT, AUTO_INCREMENT=3;

--
-- AUTO_INCREMENT for table `users`
--
ALTER TABLE `users`
  MODIFY `id` int(30) NOT NULL AUTO_INCREMENT, AUTO_INCREMENT=2;

--
-- Constraints for dumped tables
--

--
-- Constraints for table `student_scores`
--
ALTER TABLE `student_scores`
  ADD CONSTRAINT `student_scores_ibfk_1` FOREIGN KEY (`student_id`) REFERENCES `students` (`id`) ON DELETE CASCADE,
  ADD CONSTRAINT `student_scores_ibfk_2` FOREIGN KEY (`class_id`) REFERENCES `classes` (`id`) ON DELETE CASCADE,
  ADD CONSTRAINT `student_scores_ibfk_3` FOREIGN KEY (`subject_id`) REFERENCES `subjects` (`id`) ON DELETE CASCADE;
COMMIT;

/*!40101 SET CHARACTER_SET_CLIENT=@OLD_CHARACTER_SET_CLIENT */;
/*!40101 SET CHARACTER_SET_RESULTS=@OLD_CHARACTER_SET_RESULTS */;
/*!40101 SET COLLATION_CONNECTION=@OLD_COLLATION_CONNECTION */;
